<?xml version="1.0" encoding="UTF-8"?>
<metadata modelVersion="1.1.0">
  <groupId>com.nativelibs4java</groupId>
  <artifactId>bridj</artifactId>
  <version>0.7.1-SNAPSHOT</version>
  <versioning>
    <snapshot>
      <localCopy>true</localCopy>
    </snapshot>
    <lastUpdated>20160505131731</lastUpdated>
    <snapshotVersions>
      <snapshotVersion>
        <classifier>android</classifier>
        <extension>zip</extension>
        <value>0.7.1-SNAPSHOT</value>
        <updated>20160505131731</updated>
      </snapshotVersion>
      <snapshotVersion>
        <extension>zip</extension>
        <value>0.7.1-SNAPSHOT</value>
        <updated>20160505131731</updated>
      </snapshotVersion>
      <snapshotVersion>
        <classifier>javadoc</classifier>
        <extension>jar</extension>
        <value>0.7.1-SNAPSHOT</value>
        <updated>20160505131731</updated>
      </snapshotVersion>
      <snapshotVersion>
        <classifier>c-only</classifier>
        <extension>jar</extension>
        <value>0.7.1-SNAPSHOT</value>
        <updated>20160505131731</updated>
      </snapshotVersion>
      <snapshotVersion>
        <classifier>android</classifier>
        <extension>jar</extension>
        <value>0.7.1-SNAPSHOT</value>
        <updated>20160505131731</updated>
      </snapshotVersion>
      <snapshotVersion>
        <classifier>sources</classifier>
        <extension>jar</extension>
        <value>0.7.1-SNAPSHOT</value>
        <updated>20160505131731</updated>
      </snapshotVersion>
      <snapshotVersion>
        <extension>jar</extension>
        <value>0.7.1-SNAPSHOT</value>
        <updated>20160505131731</updated>
      </snapshotVersion>
      <snapshotVersion>
        <extension>pom</extension>
        <value>0.7.1-SNAPSHOT</value>
        <updated>20160505131731</updated>
      </snapshotVersion>
    </snapshotVersions>
  </versioning>
</metadata>
